id,cambios
SHOP_0003,Manual exacto
SHOP_0004,Manual exacto
SHOP_0005,Manual exacto
SHOP_0006,Manual exacto
SHOP_0012,→incluido
SHOP_0016,Manual exacto
SHOP_0023,Manual exacto
SHOP_0024,Manual exacto
SHOP_0025,Manual exacto
SHOP_0026,Manual exacto
SHOP_0027,Manual exacto
SHOP_0028,Manual exacto
SHOP_0029,Manual exacto
SHOP_0031,Manual exacto
SHOP_0032,Manual exacto
SHOP_0035,Manual exacto
SHOP_0036,Manual exacto
SHOP_0068,→está
SHOP_0071,→también | →fácil
SHOP_0072,→está
SHOP_0082,→función
SHOP_0089,→está
SHOP_0095,→fácil
SHOP_0098,→está
SHOP_0119,→expectativas
SHOP_0215,→está
SHOP_0223,→rápido
SHOP_0229,→función
SHOP_0235,→accesible
SHOP_0238,→verdad
SHOP_0269,→está
SHOP_0274,→está
SHOP_0302,→está
SHOP_0307,→está
SHOP_0330,→está
SHOP_0391,→también
SHOP_0406,→está
SHOP_0419,→fácil
SHOP_0429,→está
SHOP_0447,→verdad
SHOP_0455,→expectativas
SHOP_0458,→está
SHOP_0466,→está
SHOP_0501,→también
SHOP_0538,→está
SHOP_0555,→está
SHOP_0557,→está
SHOP_0561,→demás
SHOP_0565,→está
SHOP_0573,→está
SHOP_0575,→está
SHOP_0591,→está
SHOP_0633,→rápido | →está
SHOP_0638,→fácil
SHOP_0639,→está
SHOP_0640,→así
SHOP_0645,→fácil
SHOP_0650,→está
SHOP_0651,→máquina
SHOP_0656,→fácil
SHOP_0657,→está
SHOP_0660,→opción
SHOP_0693,→está
SHOP_0707,→expectativas
SHOP_0709,→está
SHOP_0733,→básico
SHOP_0745,→está
SHOP_0779,→además
SHOP_0823,→rápido
SHOP_0863,→función
SHOP_0911,→rápido
SHOP_0914,→básico
SHOP_1019,→está
SHOP_1046,→está
SHOP_1064,→rápido
SHOP_1090,→básico
SHOP_1111,→está
SHOP_1140,→rápido
SHOP_1177,→está
SHOP_1179,→máquina
SHOP_1220,→está
SHOP_1223,→está
SHOP_1234,→está
SHOP_1267,→está
SHOP_1283,→expectativas
SHOP_1284,→también | →está
SHOP_1295,→está
SHOP_1319,→rápido
SHOP_1323,→expectativas
SHOP_1343,→así
SHOP_1378,→excelentes
SHOP_1425,→está
SHOP_1428,→rápido
SHOP_1470,→opción
SHOP_1485,→también
SHOP_1502,→rápido
SHOP_1532,→así | →está
SHOP_1538,→está
SHOP_1560,→está
SHOP_1579,→está
SHOP_1614,→además
SHOP_1658,→está
SHOP_1668,→está
SHOP_1707,→básico
SHOP_1710,→básico
SHOP_1744,→está
SHOP_1753,→también
SHOP_1759,→portátil
SHOP_1769,→excelente
SHOP_1833,→está
SHOP_1900,→básico
SHOP_1907,→rápido
SHOP_1924,→fácil
SHOP_1928,→también
SHOP_1934,→así
SHOP_1935,→también
SHOP_1940,→portátil | →máquina
SHOP_1944,→demás
SHOP_1949,→está
SHOP_1989,→fácil
SHOP_2003,→así
SHOP_2004,→está
SHOP_2069,→rápido
SHOP_2070,→está
SHOP_2081,→expectativas
SHOP_2107,→está
SHOP_2113,→está
SHOP_2115,→así
SHOP_2135,→está
SHOP_2214,→está
SHOP_2235,→está
SHOP_2248,→fácil | →está
SHOP_2251,→demás
SHOP_2263,→está
SHOP_2271,→opción
SHOP_2278,→expectativas
SHOP_2288,→excelentes
SHOP_2290,→máquina
SHOP_2329,→está
SHOP_2349,→expectativas
SHOP_2350,→está
SHOP_2351,→también
SHOP_2352,→está
SHOP_2379,→está
SHOP_2418,→verdad
SHOP_2427,→también
SHOP_2433,→así
SHOP_2445,→está
SHOP_2463,→está
SHOP_2469,→está
SHOP_2499,→está
SHOP_2519,→rápido
SHOP_2537,→está
SHOP_2546,→está
SHOP_2565,→excelente
SHOP_2571,→está
SHOP_2588,→máquina
SHOP_2601,→está
SHOP_2609,→está
SHOP_2639,→así
SHOP_2710,→verdad
SHOP_2711,→portátil
SHOP_2717,→verdad
SHOP_2720,→está
SHOP_2730,→está
SHOP_2785,→rápido
SHOP_2844,→también
SHOP_2848,→está
SHOP_2856,→fácil
SHOP_2872,→fácil
SHOP_2877,→rápido
SHOP_2908,→portátil
SHOP_2915,→rápido
SHOP_2925,→también
SHOP_2928,→rápido
SHOP_2961,→está
SHOP_2962,→está
SHOP_2964,→práctica
SHOP_2978,→expectativas
SHOP_2983,→pareció
SHOP_2993,→rápido | →fácil
SHOP_2998,→también
SHOP_3003,→excelente
SHOP_3019,→excelente
SHOP_3045,→verdad
SHOP_3057,→expectativas
SHOP_3063,→también
SHOP_3064,→está
SHOP_3086,→rápido
SHOP_3090,→está
SHOP_3104,→opción
SHOP_3107,→portátil
SHOP_3119,→está
SHOP_3137,→está
SHOP_3144,→además | →está
SHOP_3145,→está
SHOP_3163,→verdad
SHOP_3178,→expectativas
SHOP_3181,→está
SHOP_3215,→función
SHOP_3223,→máquina | →está
SHOP_3240,→está
SHOP_3271,→opción
SHOP_3291,→está
SHOP_3413,→está
SHOP_3417,→está
SHOP_3425,→expectativas
SHOP_3453,→está
SHOP_3483,→está
SHOP_3488,→está
SHOP_3553,→máquina
SHOP_3563,→también
SHOP_3568,→opción
SHOP_3591,→rápido
SHOP_3628,→está
SHOP_3648,→está
SHOP_3671,→está
SHOP_3716,→está
SHOP_3760,→portátil
SHOP_3803,→así
SHOP_3820,→expectativas
SHOP_3932,→máquina
SHOP_3998,→además
SHOP_4023,→está
SHOP_4057,→rápido
SHOP_4093,→portátil | →demás | →está
SHOP_4135,→está
SHOP_4154,→está
SHOP_4159,→función
SHOP_4167,→rápido
SHOP_4169,→máquina
SHOP_4202,→expectativas
SHOP_4218,→rápido
SHOP_4293,→rápido
SHOP_4295,→excelentes
SHOP_4307,→máquina
SHOP_4323,→está
SHOP_4363,→rápido
SHOP_4367,→rápido
SHOP_4371,→función
SHOP_4420,→está
SHOP_4434,→expectativas
SHOP_4455,→está
SHOP_4471,→está
SHOP_4473,→está
SHOP_4503,→básica
SHOP_4597,→está
SHOP_4601,→básico
SHOP_4624,→expectativas
SHOP_4672,→también
SHOP_4679,→portátil
SHOP_4779,→portátil
SHOP_4795,→está
SHOP_4816,→rápido
SHOP_4847,→está
SHOP_4865,→está | →verdad
SHOP_4866,→está
SHOP_4943,→máquina
SHOP_4975,→rápido
